Title,Details,Time
Day 1: Brussels,,
Breakfast at Maison Dandoy,Start your day with traditional Belgian waffles at Maison Dandoy.,8:00 AM - 9:00 AM
Grand Place,Explore the Grand Place Brussels' central square known for its opulent guildhalls and the Town Hall.,9:00 AM - 10:30 AM
Manneken Pis,Visit the famous Manneken Pis statue a short walk from the Grand Place.,10:30 AM - 11:30 AM
Atomium,Take a short metro ride to the Atomium a unique building and museum that offers panoramic views of the city.,11:30 AM - 12:30 PM
Lunch at Le Pain Quotidien,Enjoy a casual lunch at Le Pain Quotidien offering organic and wholesome dishes.,12:30 PM - 1:30 PM
Royal Palace of Brussels,Visit the official palace of the Belgian King open to the public during the summer.,1:30 PM - 2:30 PM
Magritte Museum,Explore the works of surrealist artist René Magritte at this dedicated museum.,2:30 PM - 4:00 PM
Parc du Cinquantenaire,Relax and stroll around this large public park featuring impressive arches and museums.,4:00 PM - 5:00 PM
Sablon Neighborhood,Discover the antique shops chocolatiers and the beautiful Church of Our Blessed Lady of the Sablon.,5:00 PM - 6:00 PM
Dinner at Chez Léon,Enjoy a traditional Belgian dinner at Chez Léon famous for its mussels and seafood.,6:00 PM - 7:30 PM
Delirium Café,End your day with a visit to Delirium Café known for its extensive beer menu featuring over 2000 different kinds of beer.,7:30 PM - 9:00 PM
Return to Hotel,Head back to your hotel to rest after a full day of exploring.,9:00 PM
Day 2: Bruges,,
Travel to Bruges,Catch a train from Brussels to Bruges. The journey takes about an hour.,8:00 AM - 9:00 AM
Breakfast at Patisserie Academie,Start your day with delicious pastries and coffee at this charming patisserie.,9:00 AM - 10:00 AM
Market Square (Markt),Explore the Market Square the heart of Bruges surrounded by historic buildings and the Belfry of Bruges.,10:00 AM - 11:00 AM
Belfry of Bruges,Climb the Belfry of Bruges for a stunning view of the city. The 366 steps are worth the effort for the panoramic view.,11:00 AM - 12:00 PM
Canal Tour,Take a scenic boat tour through the canals of Bruges often referred to as the "Venice of the North.",12:00 PM - 1:00 PM
Lunch at a local restaurant in Bruges,Enjoy a leisurely lunch at one of the local eateries in Bruges. Try some Flemish specialties like moules-frites (mussels and fries).,1:00 PM - 2:00 PM
Basilica of the Holy Blood,Visit the Basilica of the Holy Blood known for its relic of the Holy Blood of Jesus Christ.,2:00 PM - 3:00 PM
Groeningemuseum,Explore this museum showcasing Flemish and Belgian paintings from the 14th to the 20th century.,3:00 PM - 4:30 PM
Beguinage,Stroll through this serene and historical area once home to a community of lay religious women.,4:30 PM - 5:00 PM
Minnewater Park,Enjoy a relaxing walk in this picturesque park also known as the Lake of Love.,5:00 PM - 6:00 PM
Dinner at De Halve Maan Brewery,Have dinner and try some local brews at this family-run brewery with a history dating back to 1856.,6:00 PM - 7:30 PM
Evening Walk,Take a peaceful evening walk through the illuminated streets of Bruges.,7:30 PM - 9:00 PM
Travel back to Brussels,Take the train back to Brussels.,9:00 PM - 10:00 PM
Return to Hotel,Head back to your hotel to rest after a full day of exploring.,10:00 PM
